{"ID": 5000.5, "GrossMonthlyIncome": 5979.1113, "CreditCardPayment": 350.8997, "CarPayment": 424.2268, "StudentLoanPayments": 326.0036, "AppraisedValue": 365521.8935, "DownPayment": 62293.55157800043, "LoanAmount": 303228.3419220011, "MonthlyMortgagePayment": 1806.837377999996, "CreditScore": 674.6371, "LTV": 0.8295369999999995, "MonthlyMortgagePaymentProcessed": 1997.5202026666623, "DTI": 0.6262618794628273, "FEDTI": 0.40350495606825443, "credit_score_check": 0.4028, "lti_check": 0.6258, "dti_43_check": 0.6526, "dti_36_check": 0.138, "fedti_check": 0.6286}